trade_id,entry_time,exit_time,symbol,direction,entry_price,exit_price,lots,sl_price,tp_price,entry_spread,exit_spread,pnl_cash,pnl_pct,exit_reason,duration_minutes,equity_after
1,2026-06-14 13:59:00+00:00,2026-06-14 17:32:00+00:00,BTCUSD.x,BUY,64523.61,64023.590000000004,0.01,64023.61,65523.61,65.19,65.17,-5.0001999999999684,-0.05002701450779387,STOP_LOSS,213.0,9994.9998
2,2026-06-14 17:39:00+00:00,2026-06-15 00:15:00+00:00,BTCUSD.x,SELL,63874.340000000004,64374.36,0.01,64374.340000000004,62874.340000000004,65.17,65.18,-5.0001999999999684,-0.05005205405613799,STOP_LOSS,396.0,9989.9996
3,2026-06-15 01:02:00+00:00,2026-06-15 01:35:00+00:00,BTCUSD.x,SELL,65417.740000000005,65352.590000000004,0.01,65352.57000000001,64417.740000000005,65.17,65.2,0.6515000000000145,0.006521096507914429,STOP_LOSS,33.0,9990.6511
4,2026-06-15 02:02:00+00:00,2026-06-15 12:38:00+00:00,BTCUSD.x,BUY,65395.02,65460.1,0.01,65460.119999999995,66395.01999999999,65.1,65.17,0.6508000000000175,0.006513665651520524,STOP_LOSS,636.0,9991.301899999999
5,2026-06-15 12:43:00+00:00,2026-06-15 14:18:00+00:00,BTCUSD.x,SELL,65525.8,66025.82,0.01,66025.8,64525.8,65.16,65.1,-5.000200000000041,-0.05007058819382597,STOP_LOSS,95.0,9986.301699999998
6,2026-06-15 14:18:00+00:00,2026-06-15 15:42:00+00:00,BTCUSD.x,SELL,65948.08,66448.1,0.01,66448.08,64948.08,65.1,65.1,-5.000200000000041,-0.05009567139115117,STOP_LOSS,84.0,9981.301499999998
7,2026-06-15 16:03:00+00:00,2026-06-15 16:25:00+00:00,BTCUSD.x,SELL,66419.17,66919.19,0.01,66919.17,65419.17,65.1,65.1,-5.000200000000041,-0.050120779732264524,STOP_LOSS,22.0,9976.301299999997
8,2026-06-15 16:25:00+00:00,2026-06-15 18:37:00+00:00,BTCUSD.x,SELL,66835.65,66770.56999999999,0.01,66770.54999999999,65832.46184999999,65.1,65.16,0.6508000000000175,0.0065230342240494244,STOP_LOSS,132.0,9976.952099999997
9,2026-06-15 18:56:00+00:00,2026-06-15 20:10:00+00:00,BTCUSD.x,BUY,67191.52,66688.13435,0.01,66688.15435,68198.2513,65.17,65.17,-5.033856500000111,-0.05048032261276644,STOP_LOSS,74.0,9971.918243499997
10,2026-06-15 20:10:00+00:00,2026-06-16 05:28:00+00:00,BTCUSD.x,SELL,66757.11,65756.1117,0.01,66361.75898,65756.1117,65.17,65.1,10.009983000000066,0.10028105565240981,TAKE_PROFIT,558.0,9981.928226499997
11,2026-06-16 05:56:00+00:00,2026-06-16 11:52:00+00:00,BTCUSD.x,BUY,65741.08000000002,66741.08000000002,0.01,66137.85,66741.08000000002,65.1,65.1,10.0,0.1000807829411604,TAKE_PROFIT,356.0,9991.928226499997
12,2026-06-16 11:58:00+00:00,2026-06-16 15:33:00+00:00,BTCUSD.x,SELL,66828.23999999999,66763.15999999999,0.01,66763.13999999998,65825.19884999999,65.1,65.1,0.6508000000000175,0.006512833156226406,STOP_LOSS,215.0,9992.579026499996
13,2026-06-16 15:33:00+00:00,2026-06-16 17:23:00+00:00,BTCUSD.x,SELL,66599.53,65598.4855,0.01,66208.1267,65598.4855,65.1,65.1,10.010445000000036,0.10007853494859928,TAKE_PROFIT,110.0,10002.589471499996
14,2026-06-16 17:23:00+00:00,2026-06-16 21:02:00+00:00,BTCUSD.x,SELL,65663.2,66163.22,0.01,66163.2,64663.2,65.1,65.15,-5.000200000000041,-0.05001405703126902,STOP_LOSS,219.0,9997.589271499995
15,2026-06-16 21:09:00+00:00,2026-06-17 05:22:00+00:00,BTCUSD.x,SELL,66042.51,65977.36,0.01,65977.34,65042.509999999995,65.17,65.19,0.6514999999999418,0.006516146339034401,STOP_LOSS,493.0,9998.240771499995
16,2026-06-17 05:26:00+00:00,2026-06-17 11:39:00+00:00,BTCUSD.x,SELL,65997.15,64997.149999999994,0.01,65600.20999999999,64997.149999999994,65.18,65.19,10.0,0.0999176601393977,TAKE_PROFIT,373.0,10008.240771499995
17,2026-06-17 11:42:00+00:00,2026-06-17 15:45:00+00:00,BTCUSD.x,SELL,65006.66,64941.58,0.01,64941.560000000005,64006.66,65.1,65.1,0.6508000000000175,0.006502218505924772,STOP_LOSS,243.0,10008.891571499995
18,2026-06-17 16:10:00+00:00,2026-06-17 17:15:00+00:00,BTCUSD.x,SELL,64923.89000000001,65423.91,0.01,65423.89000000001,63923.89000000001,65.17,65.1,-5.0001999999999684,-0.049982549932969064,STOP_LOSS,65.0,10003.891371499994
19,2026-06-17 17:15:00+00:00,2026-06-17 17:50:00+00:00,BTCUSD.x,SELL,65276.880000000005,65211.8,0.01,65211.780000000006,64276.880000000005,65.1,65.1,0.6508000000000175,0.006505045296864816,STOP_LOSS,35.0,10004.542171499994
20,2026-06-17 18:02:00+00:00,2026-06-17 19:27:00+00:00,BTCUSD.x,BUY,65130.78,66130.78,0.01,65448.36,66130.78,65.15,65.1,10.0,0.09985478945266835,TAKE_PROFIT,85.0,10014.542171499994
21,2026-06-17 19:35:00+00:00,2026-06-17 21:00:00+00:00,BTCUSD.x,BUY,65993.11,65493.090000000004,0.01,65493.11,66993.11,65.15,65.1,-5.0001999999999684,-0.04995433371713667,STOP_LOSS,85.0,10009.541971499993
22,2026-06-17 21:11:00+00:00,2026-06-17 21:43:00+00:00,BTCUSD.x,SELL,65337.69,65837.71,0.01,65837.69,64337.69,65.19,65.1,-5.000200000000041,-0.0499793005437205,STOP_LOSS,32.0,10004.541771499993
23,2026-06-17 21:50:00+00:00,2026-06-17 22:19:00+00:00,BTCUSD.x,SELL,65857.65999999999,64857.65999999999,0.01,65461.14,64857.65999999999,65.2,65.1,10.0,0.0998547934410601,TAKE_PROFIT,29.0,10014.541771499993
24,2026-06-17 22:23:00+00:00,2026-06-18 02:18:00+00:00,BTCUSD.x,SELL,64751.54,64452.06,0.01,64452.04,63751.54,65.1,65.18,2.994800000000032,0.029895573413929656,STOP_LOSS,235.0,10017.536571499993
25,2026-06-18 02:27:00+00:00,2026-06-18 07:10:00+00:00,BTCUSD.x,BUY,64515.81999999999,64015.799999999996,0.01,64015.81999999999,65515.81999999999,65.1,65.1,-5.0001999999999684,-0.049939394120282046,STOP_LOSS,283.0,10012.536371499993
26,2026-06-18 07:18:00+00:00,2026-06-18 10:47:00+00:00,BTCUSD.x,SELL,63993.75,64493.77,0.01,64493.75,62993.75,65.2,65.1,-5.0001999999999684,-0.049964346011956574,STOP_LOSS,209.0,10007.536171499993
27,2026-06-18 10:48:00+00:00,2026-06-18 15:49:00+00:00,BTCUSD.x,SELL,64425.57,64360.409999999996,0.01,64360.39,63425.57,65.18,65.16,0.6516000000000349,0.006510669212817691,STOP_LOSS,301.0,10008.187771499992
28,2026-06-18 15:55:00+00:00,2026-06-18 18:18:00+00:00,BTCUSD.x,SELL,64281.380000000005,63281.380000000005,0.01,63817.61,63281.380000000005,65.2,65.1,10.0,0.09981845247948203,TAKE_PROFIT,143.0,10018.187771499992
29,2026-06-18 18:23:00+00:00,2026-06-18 18:57:00+00:00,BTCUSD.x,SELL,63330.79,62330.79,0.01,62978.86,62330.79,65.33,65.1,10.0,0.09971891460209689,TAKE_PROFIT,34.0,10028.187771499992
30,2026-06-18 19:02:00+00:00,2026-06-19 06:15:00+00:00,BTCUSD.x,BUY,62549.58,62618.58,0.01,62618.6,63549.58,65.16,65.11,0.6900000000000001,0.006880131712850646,STOP_LOSS,673.0,10028.877771499992
31,2026-06-19 06:26:00+00:00,2026-06-19 16:45:00+00:00,BTCUSD.x,SELL,62739.21000000001,63239.23,0.01,63239.21000000001,61739.21000000001,65.27,65.17,-5.0001999999999684,-0.04988289176851678,STOP_LOSS,619.0,10023.877571499992
32,2026-06-19 17:04:00+00:00,2026-06-20 02:56:00+00:00,BTCUSD.x,SELL,63163.07,63663.09,0.01,63663.07,62163.07,65.1,65.19,-5.0001999999999684,-0.04990778721599779,STOP_LOSS,592.0,10018.877371499992
33,2026-06-20 03:00:00+00:00,2026-06-20 17:46:00+00:00,BTCUSD.x,SELL,63479.840000000004,63979.86,0.01,63979.840000000004,62479.840000000004,65.19,65.17,-5.0001999999999684,-0.04993270752542076,STOP_LOSS,886.0,10013.877171499991
34,2026-06-20 17:54:00+00:00,2026-06-20 18:19:00+00:00,BTCUSD.x,SELL,63839.5,64339.52,0.01,64339.5,62839.5,65.1,65.17,-5.0001999999999684,-0.04995765273404703,STOP_LOSS,25.0,10008.87697149999
35,2026-06-20 18:23:00+00:00,2026-06-21 18:29:00+00:00,BTCUSD.x,SELL,64155.79,64259.86,0.01,64655.79,63155.79,65.1,65.18,-1.040699999999997,-0.010398851177888177,TIME_BARRIER,1446.0,10007.836271499991
36,2026-06-21 18:29:00+00:00,2026-06-21 23:47:00+00:00,BTCUSD.x,BUY,64277.2,63777.18,0.01,63777.2,65277.2,65.18,65.2,-5.0001999999999684,-0.04998782309595678,STOP_LOSS,318.0,10002.83607149999
37,2026-06-21 23:47:00+00:00,2026-06-22 02:31:00+00:00,BTCUSD.x,BUY,63920.829999999994,63420.81,0.01,63420.829999999994,64920.829999999994,65.2,65.1,-5.0001999999999684,-0.05001282341765209,STOP_LOSS,164.0,9997.83587149999
38,2026-06-22 02:35:00+00:00,2026-06-22 03:36:00+00:00,BTCUSD.x,SELL,63333.44,63833.46,0.01,63833.44,62333.44,65.18,65.1,-5.0001999999999684,-0.050037848758593725,STOP_LOSS,61.0,9992.83567149999
39,2026-06-22 03:41:00+00:00,2026-06-22 04:23:00+00:00,BTCUSD.x,SELL,63939.25,64439.27,0.01,64439.25,62939.25,65.19,65.1,-5.0001999999999684,-0.05006289915635775,STOP_LOSS,42.0,9987.83547149999
40,2026-06-22 04:37:00+00:00,2026-06-22 06:01:00+00:00,BTCUSD.x,BUY,64381.409999999996,63881.39,0.01,63881.409999999996,65381.409999999996,65.2,65.1,-5.0001999999999684,-0.05008797464859554,STOP_LOSS,84.0,9982.83527149999
41,2026-06-22 06:01:00+00:00,2026-06-22 16:31:00+00:00,BTCUSD.x,BUY,64171.27,65171.27,0.01,64563.3,65171.27,65.1,65.18,10.0,0.1000716986551399,TAKE_PROFIT,630.0,9992.83527149999
42,2026-06-22 16:52:00+00:00,2026-06-22 17:24:00+00:00,BTCUSD.x,BUY,65487.399999999994,64987.38,0.01,64987.399999999994,66487.4,65.1,65.1,-5.0001999999999684,-0.05006290116131274,STOP_LOSS,32.0,9987.835071499989
43,2026-06-22 17:29:00+00:00,2026-06-23 01:28:00+00:00,BTCUSD.x,SELL,64962.200000000004,63962.200000000004,0.01,64572.5,63962.200000000004,65.1,65.17,10.0,0.10002165397293042,TAKE_PROFIT,479.0,9997.835071499989
44,2026-06-23 01:32:00+00:00,2026-06-23 09:20:00+00:00,BTCUSD.x,SELL,63917.060000000005,62917.060000000005,0.01,63538.11,62917.060000000005,65.15,65.1,10.0,0.09992171062528497,TAKE_PROFIT,468.0,10007.835071499989
45,2026-06-23 09:27:00+00:00,2026-06-23 11:53:00+00:00,BTCUSD.x,SELL,62614.58,62448.63,0.01,62448.61,61614.58,65.16,65.1,1.6595000000000437,0.016579258704281976,STOP_LOSS,146.0,10009.494571499989
46,2026-06-23 12:03:00+00:00,2026-06-23 16:31:00+00:00,BTCUSD.x,BUY,62427.45,61927.43,0.01,61927.45,63427.45,65.12,65.13,-5.0001999999999684,-0.0499795373391797,STOP_LOSS,268.0,10004.494371499988
47,2026-06-23 16:40:00+00:00,2026-06-23 17:17:00+00:00,BTCUSD.x,SELL,62268.340000000004,62768.36,0.01,62768.340000000004,61268.340000000004,65.19,65.14,-5.0001999999999684,-0.050004529371608264,STOP_LOSS,37.0,9999.494171499988
48,2026-06-23 17:17:00+00:00,2026-06-23 19:07:00+00:00,BTCUSD.x,SELL,62700.130000000005,62635.01,0.01,62634.990000000005,61700.130000000005,65.14,65.16,0.6512000000000262,0.0065119053354556235,STOP_LOSS,110.0,10000.145371499988
49,2026-06-23 19:07:00+00:00,2026-06-23 21:43:00+00:00,BTCUSD.x,BUY,62589.68,62089.66,0.01,62089.68,63589.68,65.16,65.14,-5.0001999999999684,-0.05002628690434099,STOP_LOSS,156.0,9995.145171499988
50,2026-06-23 21:52:00+00:00,2026-06-24 00:43:00+00:00,BTCUSD.x,SELL,62130.090000000004,62630.11,0.01,62630.090000000004,61130.090000000004,65.16,65.36,-5.0001999999999684,-0.05005132572414718,STOP_LOSS,171.0,9990.144971499987
51,2026-06-24 00:43:00+00:00,2026-06-24 03:40:00+00:00,BTCUSD.x,SELL,62529.18,63029.2,0.01,63029.18,61529.18,65.36,65.1,-5.0001999999999684,-0.050076389621027284,STOP_LOSS,177.0,9985.144771499987
52,2026-06-24 03:48:00+00:00,2026-06-24 06:37:00+00:00,BTCUSD.x,SELL,62897.340000000004,62832.15,0.01,62832.130000000005,61897.340000000004,65.21000000000001,65.2,0.6519000000000233,0.006528272319629558,STOP_LOSS,169.0,9985.796671499987
53,2026-06-24 07:03:00+00:00,2026-06-24 14:49:00+00:00,BTCUSD.x,SELL,62686.810000000005,63186.83,0.01,63186.810000000005,61686.810000000005,65.55,65.1,-5.0001999999999684,-0.05009820623311941,STOP_LOSS,466.0,9980.796471499987
54,2026-06-24 14:56:00+00:00,2026-06-24 16:03:00+00:00,BTCUSD.x,BUY,62896.229999999996,62396.21,0.01,62396.229999999996,63896.229999999996,65.12,65.1,-5.0001999999999684,-0.05012331711589901,STOP_LOSS,67.0,9975.796271499987
55,2026-06-24 16:09:00+00:00,2026-06-24 17:17:00+00:00,BTCUSD.x,SELL,62115.020000000004,61115.020000000004,0.01,61660.77,61115.020000000004,65.1,65.1,10.0,0.10014223931786544,TAKE_PROFIT,68.0,9985.796271499987
56,2026-06-24 17:18:00+00:00,2026-06-24 18:33:00+00:00,BTCUSD.x,BUY,61125.31999999999,60625.299999999996,0.01,60625.31999999999,62125.31999999999,65.1,65.1,-5.0001999999999684,-0.0500982082409034,STOP_LOSS,75.0,9980.796071499986
57,2026-06-24 19:04:00+00:00,2026-06-24 19:51:00+00:00,BTCUSD.x,BUY,60320.24,59820.22,0.01,59820.24,61320.24,65.1,65.1,-5.0001999999999684,-0.050123319125696245,STOP_LOSS,47.0,9975.795871499986
58,2026-06-24 19:51:00+00:00,2026-06-24 21:15:00+00:00,BTCUSD.x,SELL,60002.530000000006,59629.25,0.01,59629.23,59002.530000000006,65.1,65.13,3.7328000000000614,0.0374045721283448,STOP_LOSS,84.0,9979.528671499986
59,2026-06-24 21:17:00+00:00,2026-06-24 23:06:00+00:00,BTCUSD.x,BUY,59642.42999999999,60642.42999999999,0.01,59772.6,60642.42999999999,65.1,65.13,10.0,0.10010482304865782,TAKE_PROFIT,109.0,9989.528671499986
60,2026-06-24 23:12:00+00:00,2026-06-25 09:56:00+00:00,BTCUSD.x,BUY,60750.60999999999,61750.60999999999,0.01,61148.12,61750.60999999999,65.1,65.1,10.0,0.10000471350716117,TAKE_PROFIT,644.0,9999.528671499986
61,2026-06-25 10:12:00+00:00,2026-06-25 13:58:00+00:00,BTCUSD.x,BUY,61735.05999999999,61235.03999999999,0.01,61235.05999999999,62735.05999999999,65.2,65.17,-5.0001999999999684,-0.05002937371441132,STOP_LOSS,226.0,9994.528471499985
62,2026-06-25 14:01:00+00:00,2026-06-25 16:38:00+00:00,BTCUSD.x,BUY,61289.70999999999,60789.689999999995,0.01,60789.70999999999,62289.70999999999,65.1,65.1,-5.0001999999999684,-0.05005441562506495,STOP_LOSS,157.0,9989.528271499985
63,2026-06-25 16:46:00+00:00,2026-06-25 16:48:00+00:00,BTCUSD.x,BUY,59856.079999999994,59356.06,0.01,59356.079999999994,60856.079999999994,65.1,65.1,-5.0001999999999684,-0.05007948261743716,STOP_LOSS,2.0,9984.528071499984
64,2026-06-25 16:49:00+00:00,2026-06-25 16:53:00+00:00,BTCUSD.x,BUY,59364.509999999995,58864.49,0.01,58864.509999999995,60364.509999999995,65.1,65.15,-5.0001999999999684,-0.050104574729229225,STOP_LOSS,4.0,9979.527871499984
65,2026-06-25 16:54:00+00:00,2026-06-25 16:57:00+00:00,BTCUSD.x,BUY,58811.85,58311.83,0.01,58311.85,59811.85,65.1,65.18,-5.0001999999999684,-0.05012969199821801,STOP_LOSS,3.0,9974.527671499984
66,2026-06-25 16:58:00+00:00,2026-06-25 17:08:00+00:00,BTCUSD.x,BUY,58309.02999999999,59309.02999999999,0.01,58663.81,59309.02999999999,65.17,65.11,10.0,0.10015496304891999,TAKE_PROFIT,10.0,9984.527671499984
67,2026-06-25 17:15:00+00:00,2026-06-25 17:16:00+00:00,BTCUSD.x,BUY,59255.92,58755.9,0.01,58755.92,60255.92,65.1,65.1,-5.0001999999999684,-0.050104576737523714,STOP_LOSS,1.0,9979.527471499983
68,2026-06-25 17:17:00+00:00,2026-06-25 17:33:00+00:00,BTCUSD.x,BUY,58842.189999999995,59842.189999999995,0.01,58980.94,59842.189999999995,65.1,65.1,10.0,0.10010483507383001,TAKE_PROFIT,16.0,9989.527471499983
69,2026-06-25 17:35:00+00:00,2026-06-25 18:15:00+00:00,BTCUSD.x,SELL,59992.72,58913.1639988674,0.01,59639.95360067956,58913.1639988674,65.1,65.1,10.795560011326016,0.10795211291984161,TAKE_PROFIT,40.0,10000.323031511309
70,2026-06-25 18:15:00+00:00,2026-06-25 18:36:00+00:00,BTCUSD.x,SELL,59000.310000000005,59500.33,0.01,59500.310000000005,58000.310000000005,65.1,65.19,-5.0001999999999684,-0.05002539772138535,STOP_LOSS,21.0,9995.322831511308
71,2026-06-25 19:02:00+00:00,2026-06-25 19:10:00+00:00,BTCUSD.x,SELL,59497.270000000004,59997.29,0.01,59997.270000000004,58497.270000000004,65.1,65.2,-5.0001999999999684,-0.050050435650881006,STOP_LOSS,8.0,9990.322631511308
72,2026-06-25 19:15:00+00:00,2026-06-25 20:36:00+00:00,BTCUSD.x,SELL,59694.700000000004,59629.53,0.01,59629.51,58694.700000000004,65.19,65.2,0.6517000000000553,0.006522887341874238,STOP_LOSS,81.0,9990.974331511308
73,2026-06-25 20:55:00+00:00,2026-06-26 00:53:00+00:00,BTCUSD.x,SELL,59547.490000000005,60047.51,0.01,60047.490000000005,58547.490000000005,65.1,65.16,-5.0001999999999684,-0.050072230652206014,STOP_LOSS,238.0,9985.974131511308
74,2026-06-26 01:02:00+00:00,2026-06-26 05:12:00+00:00,BTCUSD.x,SELL,60089.310000000005,59089.310000000005,0.01,59709.8,59089.310000000005,65.2,65.1,10.0,0.1000402748990316,TAKE_PROFIT,250.0,9995.974131511308
75,2026-06-26 05:20:00+00:00,2026-06-26 06:27:00+00:00,BTCUSD.x,SELL,58576.590000000004,59076.61,0.01,59076.590000000004,57576.590000000004,65.1,65.14,-5.0001999999999684,-0.05004717292104476,STOP_LOSS,67.0,9990.973931511307
76,2026-06-26 06:27:00+00:00,2026-06-26 06:56:00+00:00,BTCUSD.x,BUY,58910.6,59910.6,0.01,59233.23,59910.6,65.14,65.2,10.0,0.09999026163333714,TAKE_PROFIT,29.0,10000.973931511307
77,2026-06-26 07:05:00+00:00,2026-06-26 09:39:00+00:00,BTCUSD.x,SELL,59813.16,60313.18,0.01,60313.16,58813.16,65.38,65.1,-5.0001999999999684,-0.050022140256704935,STOP_LOSS,154.0,9995.973731511307
78,2026-06-26 09:50:00+00:00,2026-06-26 12:48:00+00:00,BTCUSD.x,BUY,60338.399999999994,59838.38,0.01,59838.399999999994,61338.399999999994,65.17,65.14,-5.0001999999999684,-0.05004717492474031,STOP_LOSS,178.0,9990.973531511307
79,2026-06-26 12:56:00+00:00,2026-06-26 15:26:00+00:00,BTCUSD.x,SELL,59764.23,59699.14,0.01,59699.12,58764.23,65.11,65.16,0.6509000000000379,0.006514456227430322,STOP_LOSS,150.0,9991.624431511307
80,2026-06-26 15:27:00+00:00,2026-06-26 15:46:00+00:00,BTCUSD.x,SELL,59603.090000000004,59507.60999999999,0.01,59507.59,58603.090000000004,65.1,65.1,0.9548000000001048,0.009555090611532714,STOP_LOSS,19.0,9992.579231511307
81,2026-06-26 15:48:00+00:00,2026-06-26 16:22:00+00:00,BTCUSD.x,SELL,59320.240000000005,59030.92,0.01,59030.9,58320.240000000005,65.15,65.16,2.89320000000007,0.028945105094573507,STOP_LOSS,34.0,9995.472431511307
82,2026-06-26 16:30:00+00:00,2026-06-26 16:55:00+00:00,BTCUSD.x,BUY,58919.899999999994,59919.899999999994,0.01,59159.4,59919.899999999994,65.1,65.1,10.0,0.09994530561601396,TAKE_PROFIT,25.0,10005.472431511307
83,2026-06-26 17:01:00+00:00,2026-06-26 18:09:00+00:00,BTCUSD.x,SELL,60079.39000000001,59930.969999999994,0.01,59930.95,59079.39000000001,65.1,65.16,1.484200000000128,0.014831682145263536,STOP_LOSS,68.0,10006.956631511308
84,2026-06-26 18:09:00+00:00,2026-06-26 19:20:00+00:00,BTCUSD.x,BUY,59775.18,59930.32,0.01,59930.34,60775.18,65.16,65.2,1.5513999999999941,0.015500811860424006,STOP_LOSS,71.0,10008.508031511308
85,2026-06-26 19:25:00+00:00,2026-06-27 07:05:00+00:00,BTCUSD.x,SELL,59955.100000000006,60455.12,0.01,60455.100000000006,58955.100000000006,65.18,65.2,-5.0001999999999684,-0.0499844662914064,STOP_LOSS,700.0,10003.507831511308
86,2026-06-27 07:05:00+00:00,2026-06-27 18:10:00+00:00,BTCUSD.x,SELL,60292.020000000004,60792.04,0.01,60792.020000000004,59292.020000000004,65.2,65.18,-5.0001999999999684,-0.050009463254709466,STOP_LOSS,665.0,9998.507631511307
87,2026-06-27 18:18:00+00:00,2026-06-27 22:25:00+00:00,BTCUSD.x,BUY,60780.85,60280.83,0.01,60280.85,61780.85,65.12,65.17,-5.0001999999999684,-0.05003448523221635,STOP_LOSS,247.0,9993.507431511307
88,2026-06-27 22:37:00+00:00,2026-06-28 19:25:00+00:00,BTCUSD.x,BUY,60155.85999999999,59655.84,0.01,59655.85999999999,61155.85999999999,65.14,65.11,-5.0001999999999684,-0.050059532261493046,STOP_LOSS,1248.0,9988.507231511307
89,2026-06-28 19:25:00+00:00,2026-06-28 23:14:00+00:00,BTCUSD.x,SELL,59730.4,59665.31,0.01,59665.29,58730.4,65.11,65.15,0.6509000000000379,0.006516064631580321,STOP_LOSS,229.0,9989.158131511307
90,2026-06-28 23:20:00+00:00,2026-06-29 01:20:00+00:00,BTCUSD.x,BUY,59695.31999999999,59195.299999999996,0.01,59195.31999999999,60695.31999999999,65.1,65.18,-5.0001999999999684,-0.050081339200561764,STOP_LOSS,120.0,9984.157931511307
91,2026-06-29 01:21:00+00:00,2026-06-29 03:05:00+00:00,BTCUSD.x,BUY,59223.24,59288.41,0.01,59288.43,60223.24,65.19,65.21000000000001,0.6517000000000553,0.006526914623823565,STOP_LOSS,104.0,9984.809631511307
92,2026-06-29 03:16:00+00:00,2026-06-29 05:26:00+00:00,BTCUSD.x,SELL,59436.990000000005,59371.880000000005,0.01,59371.86000000001,58436.990000000005,65.13,65.2,0.6511000000000058,0.006520480301377755,STOP_LOSS,130.0,9985.460731511306
93,2026-06-29 05:26:00+00:00,2026-06-29 08:05:00+00:00,BTCUSD.x,BUY,59336.189999999995,59576.380000000005,0.01,59576.4,60336.189999999995,65.2,65.18,2.4019000000000963,0.024048188172134024,STOP_LOSS,159.0,9987.862631511307
94,2026-06-29 08:23:00+00:00,2026-06-29 11:32:00+00:00,BTCUSD.x,BUY,59646.82,59711.96000000001,0.01,59711.98,60646.82,65.16,65.18,0.6514000000000669,0.00652149056351185,STOP_LOSS,189.0,9988.514031511308
95,2026-06-29 11:36:00+00:00,2026-06-29 13:09:00+00:00,BTCUSD.x,SELL,59780.520000000004,60280.54,0.01,60280.520000000004,58780.520000000004,65.2,65.1,-5.0001999999999684,-0.05008457026640927,STOP_LOSS,93.0,9983.513831511307
96,2026-06-29 13:13:00+00:00,2026-06-29 15:02:00+00:00,BTCUSD.x,SELL,60174.600000000006,60109.46,0.01,60109.44,59174.600000000006,65.16,65.2,0.6514000000000669,0.006524331127295098,STOP_LOSS,109.0,9984.165231511308
97,2026-06-29 15:06:00+00:00,2026-06-29 15:38:00+00:00,BTCUSD.x,BUY,60488.77,59988.75,0.01,59988.77,61488.77,65.1,65.1,-5.0001999999999684,-0.05010639651925575,STOP_LOSS,32.0,9979.165031511307
98,2026-06-29 15:50:00+00:00,2026-06-29 17:29:00+00:00,BTCUSD.x,SELL,59857.560000000005,59555.229999999996,0.01,59555.21,58857.560000000005,65.1,65.22,3.0233000000000905,0.03028694610435547,STOP_LOSS,99.0,9982.188331511308
99,2026-06-29 17:36:00+00:00,2026-06-29 18:29:00+00:00,BTCUSD.x,SELL,59544.310000000005,59479.16,0.01,59479.14000000001,58544.310000000005,65.17,65.19,0.6515000000000145,0.006526199067559151,STOP_LOSS,53.0,9982.839831511308
100,2026-06-29 18:42:00+00:00,2026-06-30 03:22:00+00:00,BTCUSD.x,BUY,59751.25,60033.380000000005,0.01,60033.4,60751.25,65.16,65.2,2.8213000000000465,0.02825351233977884,STOP_LOSS,520.0,9985.661131511308
101,2026-06-30 03:23:00+00:00,2026-06-30 15:06:00+00:00,BTCUSD.x,SELL,60049.100000000006,59049.100000000006,0.01,59584.43,59049.100000000006,65.17,65.1,10.0,0.1000434075188385,TAKE_PROFIT,703.0,9995.661131511308
102,2026-06-30 15:13:00+00:00,2026-06-30 16:51:00+00:00,BTCUSD.x,SELL,59044.58,58767.52,0.01,58767.5,58044.58,65.1,65.2,2.7706000000000497,0.027710345726201815,STOP_LOSS,98.0,9998.431731511308
103,2026-06-30 16:52:00+00:00,2026-06-30 17:02:00+00:00,BTCUSD.x,SELL,58659.72,59159.74,0.01,59159.72,57659.72,65.1,65.18,-5.0001999999999684,-0.05003486524356852,STOP_LOSS,10.0,9993.431531511307
104,2026-06-30 17:04:00+00:00,2026-06-30 18:46:00+00:00,BTCUSD.x,SELL,59014.0,58738.03999999999,0.01,58738.02,58014.0,65.16,65.18,2.7596000000000642,0.027606514958491448,STOP_LOSS,102.0,9996.191131511307
105,2026-06-30 18:49:00+00:00,2026-07-01 04:15:00+00:00,BTCUSD.x,SELL,58544.380000000005,58340.43,0.01,58340.41,57544.380000000005,65.17,65.1,2.039500000000044,0.020398609265645216,STOP_LOSS,566.0,9998.230631511307
106,2026-07-01 04:22:00+00:00,2026-07-01 06:54:00+00:00,BTCUSD.x,BUY,58256.84,59256.84,0.01,58555.4,59256.84,65.1,65.1,10.0,0.09991776137247084,TAKE_PROFIT,152.0,10008.230631511307
107,2026-07-01 06:57:00+00:00,2026-07-01 12:06:00+00:00,BTCUSD.x,SELL,59165.090000000004,59033.17,0.01,59033.15,58165.090000000004,65.14,65.1,1.3192000000000552,0.013179413881801653,STOP_LOSS,309.0,10009.549831511307
108,2026-07-01 12:10:00+00:00,2026-07-01 16:21:00+00:00,BTCUSD.x,SELL,58950.07,58861.439999999995,0.01,58861.42,57950.07,65.19,65.1,0.8863000000000466,0.008853760099523647,STOP_LOSS,251.0,10010.436131511307
109,2026-07-01 16:21:00+00:00,2026-07-01 17:11:00+00:00,BTCUSD.x,BUY,58709.13999999999,59709.13999999999,0.01,59088.11,59709.13999999999,65.1,65.1,10.0,0.09979605546861336,TAKE_PROFIT,50.0,10020.436131511307
110,2026-07-01 17:19:00+00:00,2026-07-01 18:06:00+00:00,BTCUSD.x,SELL,59982.98,59917.9,0.01,59917.880000000005,58982.98,65.1,65.19,0.6508000000000175,0.006494305502465775,STOP_LOSS,47.0,10021.086931511307
111,2026-07-01 18:16:00+00:00,2026-07-01 19:22:00+00:00,BTCUSD.x,BUY,59900.59,59965.74,0.01,59965.759999999995,60900.59,65.17,65.1,0.6515000000000145,0.006500868132334268,STOP_LOSS,66.0,10021.738431511307
112,2026-07-01 19:37:00+00:00,2026-07-02 01:21:00+00:00,BTCUSD.x,BUY,60064.409999999996,61064.409999999996,0.01,60195.12,61064.409999999996,65.18,65.1,10.0,0.09968361982593554,TAKE_PROFIT,344.0,10031.738431511307
113,2026-07-02 01:28:00+00:00,2026-07-02 03:34:00+00:00,BTCUSD.x,SELL,60700.380000000005,59700.380000000005,0.01,60237.5,59700.380000000005,65.1,65.15,10.0,0.09958435054053659,TAKE_PROFIT,126.0,10041.738431511307
114,2026-07-02 04:01:00+00:00,2026-07-02 06:49:00+00:00,BTCUSD.x,BUY,59752.52,60752.52,0.01,60151.93,60752.52,65.1,65.14,10.0,0.09948527877178825,TAKE_PROFIT,168.0,10051.738431511307
115,2026-07-02 07:04:00+00:00,2026-07-02 12:30:00+00:00,BTCUSD.x,SELL,60917.19,60648.42,0.01,60648.4,59917.19,65.17,65.17,2.687700000000041,0.026731510728161725,STOP_LOSS,326.0,10054.426131511307
116,2026-07-02 12:34:00+00:00,2026-07-02 12:42:00+00:00,BTCUSD.x,SELL,60663.73,61163.75,0.01,61163.73,59663.73,65.15,65.1,-5.0001999999999684,-0.04975607595973396,STOP_LOSS,8.0,10049.425931511307
117,2026-07-02 12:55:00+00:00,2026-07-02 16:16:00+00:00,BTCUSD.x,SELL,61255.58,61755.6,0.01,61755.58,60255.58,65.1,65.1,-5.0001999999999684,-0.04978084495476305,STOP_LOSS,201.0,10044.425731511306
118,2026-07-02 16:17:00+00:00,2026-07-02 19:27:00+00:00,BTCUSD.x,BUY,61764.579999999994,61264.56,0.01,61264.579999999994,62764.579999999994,65.1,65.1,-5.0001999999999684,-0.04980563862250446,STOP_LOSS,190.0,10039.425531511306
119,2026-07-02 19:33:00+00:00,2026-07-02 19:49:00+00:00,BTCUSD.x,SELL,61236.19,61736.21,0.01,61736.19,60236.19,65.18,65.14,-5.0001999999999684,-0.049830456999841746,STOP_LOSS,16.0,10034.425331511306
120,2026-07-02 20:01:00+00:00,2026-07-03 15:01:00+00:00,BTCUSD.x,SELL,61612.280000000006,62112.3,0.01,62112.280000000006,60612.280000000006,65.17,65.15,-5.0001999999999684,-0.049855300123732044,STOP_LOSS,1140.0,10029.425131511305
121,2026-07-03 15:06:00+00:00,2026-07-03 23:19:00+00:00,BTCUSD.x,SELL,62047.590000000004,62547.61,0.01,62547.590000000004,61047.590000000004,65.1,65.1,-5.0001999999999684,-0.04988016803120622,STOP_LOSS,493.0,10024.424931511305
122,2026-07-03 23:24:00+00:00,2026-07-04 23:25:00+00:00,BTCUSD.x,BUY,62569.659999999996,63127.21,0.01,62815.62,63569.659999999996,65.1,65.16,5.575500000000029,0.05558823290259741,TIME_BARRIER,1441.0,10030.000431511306
123,2026-07-04 23:26:00+00:00,2026-07-05 10:57:00+00:00,BTCUSD.x,SELL,63115.47,63050.32,0.01,63050.3,62115.47,65.17,65.1,0.6515000000000145,0.006495091290660046,STOP_LOSS,691.0,10030.651931511306
124,2026-07-05 11:03:00+00:00,2026-07-05 18:03:00+00:00,BTCUSD.x,SELL,62992.0,62926.85999999999,0.01,62926.84,61992.0,65.16,65.1,0.6514000000000669,0.006493672641259145,STOP_LOSS,420.0,10031.303331511306
125,2026-07-05 18:09:00+00:00,2026-07-06 01:16:00+00:00,BTCUSD.x,SELL,62823.66,63323.68,0.01,63323.66,61823.66,65.31,65.1,-5.0001999999999684,-0.049870824115471044,STOP_LOSS,427.0,10026.303131511306
126,2026-07-06 01:16:00+00:00,2026-07-06 03:29:00+00:00,BTCUSD.x,BUY,63224.81999999999,63350.26,0.01,63350.28,64224.81999999999,65.1,65.2,1.254400000000096,0.012509526832014483,STOP_LOSS,133.0,10027.557531511306
127,2026-07-06 03:33:00+00:00,2026-07-06 04:34:00+00:00,BTCUSD.x,SELL,63425.82,63925.84,0.01,63925.82,62425.82,65.2,65.1,-5.0001999999999684,-0.04988946268512875,STOP_LOSS,61.0,10022.557331511305
128,2026-07-06 04:36:00+00:00,2026-07-06 12:21:00+00:00,BTCUSD.x,SELL,63793.83,62793.83,0.01,63359.1,62793.83,65.1,65.11,10.0,0.0996754832249097,TAKE_PROFIT,465.0,10032.557331511305
129,2026-07-06 12:25:00+00:00,2026-07-06 15:46:00+00:00,BTCUSD.x,SELL,62733.21000000001,61733.21000000001,0.01,62272.93,61733.21000000001,65.11,65.17,10.0,0.09957623013634416,TAKE_PROFIT,201.0,10042.557331511305
130,2026-07-06 15:52:00+00:00,2026-07-06 17:25:00+00:00,BTCUSD.x,SELL,61731.880000000005,62231.9,0.01,62231.880000000005,60731.880000000005,65.12,65.13,-5.0001999999999684,-0.049814909489308314,STOP_LOSS,93.0,10037.557131511305
131,2026-07-06 17:31:00+00:00,2026-07-06 18:09:00+00:00,BTCUSD.x,SELL,62051.36,62551.38,0.01,62551.36,61051.36,65.1,65.1,-5.0001999999999684,-0.049839737109238995,STOP_LOSS,38.0,10032.556931511304
132,2026-07-06 18:17:00+00:00,2026-07-06 18:54:00+00:00,BTCUSD.x,BUY,62469.86,63469.86,0.01,62824.7,63469.86,65.18,65.18,10.0,0.09957623410251457,TAKE_PROFIT,37.0,10042.556931511304
133,2026-07-06 18:56:00+00:00,2026-07-06 19:13:00+00:00,BTCUSD.x,SELL,63373.64000000001,63873.66,0.01,63873.64000000001,62373.64000000001,65.17,65.1,-5.0001999999999684,-0.049814911474449164,STOP_LOSS,17.0,10037.556731511304
134,2026-07-06 19:13:00+00:00,2026-07-07 00:09:00+00:00,BTCUSD.x,SELL,63717.16,64217.18,0.01,64217.16,62717.16,65.1,65.1,-5.0001999999999684,-0.04983973909635911,STOP_LOSS,296.0,10032.556531511304
135,2026-07-07 00:19:00+00:00,2026-07-07 04:36:00+00:00,BTCUSD.x,BUY,64273.689999999995,63773.67,0.01,63773.689999999995,65273.689999999995,65.18,65.13,-5.0001999999999684,-0.04986459147865354,STOP_LOSS,257.0,10027.556331511303
136,2026-07-07 04:37:00+00:00,2026-07-07 05:51:00+00:00,BTCUSD.x,BUY,63842.49,63342.47,0.01,63342.49,64842.49,65.1,65.11,-5.0001999999999684,-0.04988946865839091,STOP_LOSS,74.0,10022.556131511303
137,2026-07-07 05:52:00+00:00,2026-07-07 08:13:00+00:00,BTCUSD.x,BUY,63308.88999999999,62808.869999999995,0.01,62808.88999999999,64308.88999999999,65.17,65.1,-5.0001999999999684,-0.04991437067270371,STOP_LOSS,141.0,10017.555931511302
138,2026-07-07 08:13:00+00:00,2026-07-07 16:11:00+00:00,BTCUSD.x,BUY,62969.59,63224.490000000005,0.01,63224.51,63969.59,65.1,65.19,2.5490000000000874,0.025438855355535972,STOP_LOSS,478.0,10020.104931511303
139,2026-07-07 16:11:00+00:00,2026-07-07 17:47:00+00:00,BTCUSD.x,SELL,63240.840000000004,63175.67,0.01,63175.65,62240.840000000004,65.19,65.1,0.6517000000000553,0.006503500922781793,STOP_LOSS,96.0,10020.756631511304
140,2026-07-07 17:48:00+00:00,2026-07-07 17:58:00+00:00,BTCUSD.x,SELL,63108.55,63608.57,0.01,63608.55,62108.55,65.1,65.1,-5.0001999999999684,-0.049923338633400406,STOP_LOSS,10.0,10015.756431511303
141,2026-07-07 18:05:00+00:00,2026-07-07 18:36:00+00:00,BTCUSD.x,SELL,63425.18,63925.2,0.01,63925.18,62425.18,65.18,65.1,-5.0001999999999684,-0.0499482744796104,STOP_LOSS,31.0,10010.756231511303
142,2026-07-07 18:41:00+00:00,2026-07-08 00:38:00+00:00,BTCUSD.x,BUY,63782.85999999999,63282.84,0.01,63282.85999999999,64782.85999999999,65.1,65.1,-5.0001999999999684,-0.04997323524831858,STOP_LOSS,357.0,10005.756031511302
143,2026-07-08 01:10:00+00:00,2026-07-08 04:37:00+00:00,BTCUSD.x,BUY,63397.59,62897.57,0.01,62897.59,64397.59,65.18,65.28,-5.0001999999999684,-0.04999822097690735,STOP_LOSS,207.0,10000.755831511302
144,2026-07-08 05:05:00+00:00,2026-07-08 09:21:00+00:00,BTCUSD.x,BUY,62933.439999999995,62433.42,0.01,62433.439999999995,63933.439999999995,65.25,65.18,-5.0001999999999684,-0.050023231702833924,STOP_LOSS,256.0,9995.755631511302
145,2026-07-08 09:30:00+00:00,2026-07-08 11:24:00+00:00,BTCUSD.x,BUY,62623.159999999996,62123.14,0.01,62123.159999999996,63623.159999999996,65.1,65.1,-5.0001999999999684,-0.0500482674636305,STOP_LOSS,114.0,9990.755431511301
146,2026-07-08 11:28:00+00:00,2026-07-08 17:00:00+00:00,BTCUSD.x,SELL,62097.740000000005,62032.66,0.01,62032.64000000001,61097.740000000005,65.1,65.1,0.6508000000000175,0.0065135976350105575,STOP_LOSS,332.0,9991.4062315113
147,2026-07-08 17:00:00+00:00,2026-07-08 20:33:00+00:00,BTCUSD.x,SELL,61887.64000000001,62387.66,0.01,62387.64000000001,60887.64000000001,65.1,65.18,-5.0001999999999684,-0.050070065088703986,STOP_LOSS,213.0,9986.4060315113
148,2026-07-08 21:05:00+00:00,2026-07-09 05:48:00+00:00,BTCUSD.x,BUY,62231.85999999999,61731.84,0.01,61731.85999999999,63231.85999999999,65.13,65.18,-5.0001999999999684,-0.0500951477617946,STOP_LOSS,523.0,9981.4058315113
149,2026-07-09 05:55:00+00:00,2026-07-09 07:35:00+00:00,BTCUSD.x,SELL,61750.97,62250.99,0.01,62250.97,60750.97,65.26,65.1,-5.0001999999999684,-0.05012025557788494,STOP_LOSS,100.0,9976.4056315113
150,2026-07-09 07:35:00+00:00,2026-07-09 09:01:00+00:00,BTCUSD.x,SELL,62141.340000000004,62641.36,0.01,62641.340000000004,61141.340000000004,65.1,65.1,-5.0001999999999684,-0.050145388574799145,STOP_LOSS,86.0,9971.405431511299
151,2026-07-09 09:04:00+00:00,2026-07-09 12:07:00+00:00,BTCUSD.x,BUY,62707.219999999994,62772.299999999996,0.01,62772.31999999999,63707.219999999994,65.1,65.1,0.6508000000000175,0.00652623676492633,STOP_LOSS,183.0,9972.056231511298
152,2026-07-09 12:07:00+00:00,2026-07-10 03:33:00+00:00,BTCUSD.x,BUY,62871.35,62936.43,0.01,62936.45,63871.35,65.1,65.17,0.6508000000000175,0.006525810875057793,STOP_LOSS,926.0,9972.707031511298
153,2026-07-10 03:47:00+00:00,2026-07-10 04:48:00+00:00,BTCUSD.x,SELL,63021.91,63521.93,0.01,63521.91,62021.91,65.24,65.16,-5.0001999999999684,-0.05016399543566674,STOP_LOSS,61.0,9967.706831511297
154,2026-07-10 04:53:00+00:00,2026-07-10 11:17:00+00:00,BTCUSD.x,SELL,63841.61,64341.63,0.01,64341.61,62841.61,65.18,65.14,-5.0001999999999684,-0.05018917232978345,STOP_LOSS,384.0,9962.706631511297
155,2026-07-10 11:28:00+00:00,2026-07-10 17:33:00+00:00,BTCUSD.x,BUY,64303.20999999999,63803.189999999995,0.01,63803.20999999999,65303.20999999999,65.2,65.18,-5.0001999999999684,-0.050214374508739966,STOP_LOSS,365.0,9957.706431511297
156,2026-07-10 17:46:00+00:00,2026-07-11 17:50:00+00:00,BTCUSD.x,SELL,64059.4,64381.909999999996,0.01,64559.4,63059.4,65.19,65.2,-3.225099999999948,-0.032398473537649505,TIME_BARRIER,1444.0,9954.481331511297
157,2026-07-11 17:52:00+00:00,2026-07-11 18:37:00+00:00,BTCUSD.x,BUY,64356.99,63856.97,0.01,63856.99,65356.99,65.17,65.1,-5.0001999999999684,-0.050255887054890605,STOP_LOSS,45.0,9949.481131511297
158,2026-07-11 18:37:00+00:00,2026-07-12 02:22:00+00:00,BTCUSD.x,BUY,64411.979999999996,63911.96,0.01,63911.979999999996,65411.979999999996,65.1,65.1,-5.0001999999999684,-0.050281156296008614,STOP_LOSS,465.0,9944.480931511296
159,2026-07-12 02:25:00+00:00,2026-07-13 02:26:00+00:00,BTCUSD.x,SELL,63848.91,63811.44,0.01,64348.91,62848.91,65.1,65.16,0.37470000000001163,0.0037677771692606198,TIME_BARRIER,1441.0,9944.855631511296
160,2026-07-13 02:40:00+00:00,2026-07-13 03:11:00+00:00,BTCUSD.x,SELL,63751.990000000005,64252.01,0.01,64251.990000000005,62751.990000000005,65.1,65.1,-5.0001999999999684,-0.050304554572779304,STOP_LOSS,31.0,9939.855431511296
161,2026-07-13 03:15:00+00:00,2026-07-13 03:39:00+00:00,BTCUSD.x,BUY,64302.619999999995,63802.6,0.01,63802.619999999995,65302.619999999995,65.2,65.1,-5.0001999999999684,-0.05032987279110393,STOP_LOSS,24.0,9934.855231511296
162,2026-07-13 03:40:00+00:00,2026-07-13 05:02:00+00:00,BTCUSD.x,BUY,63759.31999999999,63259.299999999996,0.01,63259.31999999999,64759.31999999999,65.1,65.16,-5.0001999999999684,-0.05035521650751584,STOP_LOSS,82.0,9929.855031511295
163,2026-07-13 05:07:00+00:00,2026-07-13 06:12:00+00:00,BTCUSD.x,BUY,63345.299999999996,62845.28,0.01,62845.299999999996,64345.299999999996,65.2,65.1,-5.0001999999999684,-0.050380585760553334,STOP_LOSS,65.0,9924.854831511295
164,2026-07-13 06:20:00+00:00,2026-07-13 17:26:00+00:00,BTCUSD.x,SELL,62872.48,62653.32,0.01,62653.3,61872.48,65.18,65.1,2.191600000000035,0.02207706003110117,STOP_LOSS,666.0,9927.046431511295
165,2026-07-13 17:38:00+00:00,2026-07-13 20:36:00+00:00,BTCUSD.x,BUY,62486.59999999999,61986.579999999994,0.01,61986.59999999999,63486.59999999999,65.2,65.1,-5.0001999999999684,-0.05039484682222,STOP_LOSS,178.0,9922.046231511295
166,2026-07-13 20:47:00+00:00,2026-07-14 03:55:00+00:00,BTCUSD.x,SELL,62039.08,62539.1,0.01,62539.08,61039.08,65.16,65.1,-5.0001999999999684,-0.05042025603301521,STOP_LOSS,428.0,9917.046031511294
167,2026-07-14 03:58:00+00:00,2026-07-14 15:23:00+00:00,BTCUSD.x,SELL,62487.100000000006,62987.12,0.01,62987.100000000006,61487.100000000006,65.18,65.15,-5.0001999999999684,-0.05044569087951428,STOP_LOSS,685.0,9912.045831511294
168,2026-07-14 15:38:00+00:00,2026-07-14 16:21:00+00:00,BTCUSD.x,SELL,63515.590000000004,64015.61,0.01,64015.590000000004,62515.590000000004,65.17,65.1,-5.0001999999999684,-0.050471151400533126,STOP_LOSS,43.0,9907.045631511293
169,2026-07-14 16:43:00+00:00,2026-07-14 18:31:00+00:00,BTCUSD.x,BUY,63810.92,64810.92,0.01,63942.4,64810.92,65.1,65.1,10.0,0.10083648267408513,TAKE_PROFIT,108.0,9917.045631511293
170,2026-07-14 18:36:00+00:00,2026-07-14 20:16:00+00:00,BTCUSD.x,SELL,64731.990000000005,64666.91,0.01,64666.89000000001,63731.990000000005,65.1,65.19,0.6508000000000175,0.006562007664725893,STOP_LOSS,100.0,9917.696431511293
171,2026-07-14 20:19:00+00:00,2026-07-15 01:20:00+00:00,BTCUSD.x,SELL,64413.100000000006,64913.12,0.01,64913.100000000006,63413.100000000006,65.16,65.12,-5.0001999999999684,-0.050442380995242474,STOP_LOSS,301.0,9912.696231511292
172,2026-07-15 01:26:00+00:00,2026-07-15 05:32:00+00:00,BTCUSD.x,BUY,64941.06,64441.04,0.01,64441.06,65941.06,65.14,65.18,-5.0001999999999684,-0.05046783817445449,STOP_LOSS,246.0,9907.696031511292
173,2026-07-15 05:37:00+00:00,2026-07-15 09:08:00+00:00,BTCUSD.x,SELL,64494.100000000006,64994.12,0.01,64994.100000000006,63494.100000000006,65.18,65.2,-5.0001999999999684,-0.05049332106201698,STOP_LOSS,211.0,9902.695831511292
174,2026-07-15 09:08:00+00:00,2026-07-15 12:13:00+00:00,BTCUSD.x,SELL,64921.130000000005,64855.950000000004,0.01,64855.93000000001,63921.130000000005,65.2,65.17,0.6518000000000029,0.00658161284701399,STOP_LOSS,185.0,9903.347631511291
175,2026-07-15 12:24:00+00:00,2026-07-15 16:02:00+00:00,BTCUSD.x,SELL,64795.37,65295.39,0.01,65295.37,63795.37,65.24,65.19,-5.0001999999999684,-0.05051550306348999,STOP_LOSS,218.0,9898.34743151129
176,2026-07-15 16:02:00+00:00,2026-07-16 08:24:00+00:00,BTCUSD.x,SELL,65129.100000000006,64929.32,0.01,64929.3,64129.100000000006,65.19,65.13,1.997800000000061,0.020179094297049036,STOP_LOSS,982.0,9900.34523151129
177,2026-07-16 08:29:00+00:00,2026-07-16 10:29:00+00:00,BTCUSD.x,BUY,64935.74,64435.72,0.01,64435.74,65935.73999999999,65.1,65.1,-5.0001999999999684,-0.050530830244696394,STOP_LOSS,120.0,9895.34503151129
178,2026-07-16 10:30:00+00:00,2026-07-16 11:38:00+00:00,BTCUSD.x,SELL,64436.340000000004,64371.26,0.01,64371.240000000005,63436.340000000004,65.1,65.1,0.6508000000000175,0.006576397273003187,STOP_LOSS,68.0,9895.995831511289
179,2026-07-16 11:58:00+00:00,2026-07-16 20:06:00+00:00,BTCUSD.x,BUY,64073.53,64240.98,0.01,64241.0,65073.53,65.18,65.17,1.6745000000000436,0.016918122587584326,STOP_LOSS,488.0,9897.670331511288
180,2026-07-16 20:09:00+00:00,2026-07-17 07:19:00+00:00,BTCUSD.x,SELL,64319.43,63319.43,0.01,63925.39,63319.43,65.16,65.1,10.0,0.10093190089495668,TAKE_PROFIT,670.0,9907.670331511288
181,2026-07-17 07:19:00+00:00,2026-07-17 13:44:00+00:00,BTCUSD.x,SELL,63394.36,63185.67,0.01,63185.65,62394.36,65.1,65.17,2.0869000000000235,0.021059042630873416,STOP_LOSS,385.0,9909.757231511288
182,2026-07-17 14:02:00+00:00,2026-07-17 16:58:00+00:00,BTCUSD.x,SELL,63143.780000000006,63072.57,0.01,63072.55,62143.780000000006,65.1,65.1,0.712100000000064,0.007185330746505352,STOP_LOSS,176.0,9910.469331511289
183,2026-07-17 16:59:00+00:00,2026-07-17 19:47:00+00:00,BTCUSD.x,SELL,63070.73,63570.75,0.01,63570.73,62070.73,65.1,65.13,-5.0001999999999684,-0.05047918411146552,STOP_LOSS,168.0,9905.469131511289
184,2026-07-17 20:03:00+00:00,2026-07-18 20:12:00+00:00,BTCUSD.x,BUY,63632.56,64248.24,0.01,63723.41,64632.56,65.14,65.18,6.156800000000003,0.062116952783964036,TIME_BARRIER,1449.0,9911.62593151129
185,2026-07-18 20:12:00+00:00,2026-07-19 00:14:00+00:00,BTCUSD.x,SELL,64253.32,64753.34,0.01,64753.32,63253.32,65.18,65.2,-5.0001999999999684,-0.05047329065935321,STOP_LOSS,242.0,9906.625731511289
186,2026-07-19 00:18:00+00:00,2026-07-19 20:15:00+00:00,BTCUSD.x,SELL,64774.58,64709.46,0.01,64709.44,63774.58,65.14,65.1,0.6512000000000262,0.0065729463756968995,STOP_LOSS,1197.0,9907.27693151129
187,2026-07-19 20:17:00+00:00,2026-07-20 08:12:00+00:00,BTCUSD.x,BUY,64655.479999999996,64155.46,0.01,64155.479999999996,65655.48,65.17,65.11,-5.0001999999999684,-0.05049545812114297,STOP_LOSS,715.0,9902.276731511289
188,2026-07-20 08:23:00+00:00,2026-07-20 14:32:00+00:00,BTCUSD.x,SELL,64132.200000000004,64632.22,0.01,64632.200000000004,63132.200000000004,65.1,65.1,-5.0001999999999684,-0.050520968915844275,STOP_LOSS,369.0,9897.276531511288
189,2026-07-20 14:40:00+00:00,2026-07-20 16:50:00+00:00,BTCUSD.x,SELL,64817.3,64752.22,0.01,64752.200000000004,63817.3,65.1,65.1,0.6508000000000175,0.006575113942573758,STOP_LOSS,130.0,9897.927331511288
190,2026-07-20 16:53:00+00:00,2026-07-20 17:22:00+00:00,BTCUSD.x,BUY,64552.42,64052.4,0.01,64052.42,65552.42,65.19,65.1,-5.0001999999999684,-0.05054318033004773,STOP_LOSS,29.0,9892.927131511287
191,2026-07-20 18:03:00+00:00,2026-07-20 18:54:00+00:00,BTCUSD.x,BUY,64537.52,65537.51999999999,0.01,64856.4,65537.51999999999,65.1,65.1,9.999999999999927,0.1009802441964836,TAKE_PROFIT,51.0,9902.927131511287
192,2026-07-20 18:57:00+00:00,2026-07-21 03:40:00+00:00,BTCUSD.x,SELL,65527.380000000005,65462.3,0.01,65462.280000000006,64527.380000000005,65.1,65.15,0.6508000000000175,0.00657136243588589,STOP_LOSS,523.0,9903.577931511287
193,2026-07-21 04:04:00+00:00,2026-07-21 09:35:00+00:00,BTCUSD.x,SELL,65463.090000000004,65963.11,0.01,65963.09,64463.090000000004,65.14,65.14,-5.0001999999999684,-0.05051432777137522,STOP_LOSS,331.0,9898.577731511286
194,2026-07-21 10:01:00+00:00,2026-07-21 20:46:00+00:00,BTCUSD.x,BUY,65906.74,66291.48,0.01,66291.5,66906.74,65.17,65.19,3.847399999999907,0.03885310869714927,STOP_LOSS,645.0,9902.425131511287
195,2026-07-21 20:55:00+00:00,2026-07-22 03:08:00+00:00,BTCUSD.x,SELL,66147.68,66647.7,0.01,66647.68,65147.67999999999,65.1,65.1,-5.000200000000041,-0.05052021141459202,STOP_LOSS,373.0,9897.424931511287
196,2026-07-22 03:11:00+00:00,2026-07-22 17:05:00+00:00,BTCUSD.x,SELL,66545.28,66087.63,0.01,66087.61,65545.28,65.15,65.1,4.576499999999942,0.04621792908892214,STOP_LOSS,834.0,9902.001431511286
197,2026-07-22 17:07:00+00:00,2026-07-22 18:20:00+00:00,BTCUSD.x,SELL,66075.08,66010.0,0.01,66009.98,65075.08,65.1,65.1,0.6508000000000175,0.00657197672689245,STOP_LOSS,73.0,9902.652231511285
198,2026-07-22 18:20:00+00:00,2026-07-23 10:11:00+00:00,BTCUSD.x,BUY,65983.65000000001,65483.63000000001,0.01,65483.65000000001,66983.65000000001,65.1,65.1,-5.0001999999999684,-0.05051905223663922,STOP_LOSS,951.0,9897.652031511285
199,2026-07-23 10:11:00+00:00,2026-07-24 00:02:00+00:00,BTCUSD.x,SELL,65577.68,65203.52,0.01,65203.5,64577.67999999999,65.1,65.1,3.7415999999999623,0.037788619857433835,STOP_LOSS,831.0,9901.393631511284
200,2026-07-24 00:07:00+00:00,2026-07-24 10:02:00+00:00,BTCUSD.x,SELL,65048.48,65548.50000000001,0.01,65548.48000000001,64048.48,65.29,65.1,-5.000200000000113,-0.05052547713067759,STOP_LOSS,595.0,9896.393431511284
201,2026-07-24 10:02:00+00:00,2026-07-24 16:07:00+00:00,BTCUSD.x,SELL,65416.880000000005,64416.880000000005,0.01,65025.9,64416.880000000005,65.1,65.1,10.0,0.10094491066941641,TAKE_PROFIT,365.0,9906.393431511284
202,2026-07-24 16:10:00+00:00,2026-07-24 18:38:00+00:00,BTCUSD.x,SELL,64343.64000000001,64259.939999999995,0.01,64259.92,63343.64000000001,65.16,65.1,0.8370000000001164,0.008448375212288643,STOP_LOSS,148.0,9907.230431511283
203,2026-07-24 18:53:00+00:00,2026-07-25 19:09:00+00:00,BTCUSD.x,BUY,64070.719999999994,64091.74,0.01,63570.719999999994,65070.719999999994,65.1,65.2,0.21020000000004074,0.0021216377449841633,TIME_BARRIER,1456.0,9907.440631511283
204,2026-07-25 19:10:00+00:00,2026-07-26 19:23:00+00:00,BTCUSD.x,BUY,64156.89,64691.44,0.01,64222.08,65156.89,65.19,65.16,5.345500000000029,0.05392530343217508,TIME_BARRIER,1453.0,9912.786131511282
205,2026-07-26 19:26:00+00:00,2026-07-27 01:02:00+00:00,BTCUSD.x,SELL,64694.48,65194.5,0.01,65194.48,63694.48,65.19,65.1,-5.0001999999999684,-0.050467380245843324,STOP_LOSS,336.0,9907.785931511282
206,2026-07-27 01:08:00+00:00,2026-07-27 10:31:00+00:00,BTCUSD.x,BUY,65168.35999999999,65233.479999999996,0.01,65233.49999999999,66168.35999999999,65.14,65.1,0.6512000000000262,0.006572176735411168,STOP_LOSS,563.0,9908.437131511282
207,2026-07-27 10:38:00+00:00,2026-07-27 19:36:00+00:00,BTCUSD.x,SELL,65228.200000000004,64948.56,0.01,64948.54,64228.200000000004,65.1,65.1,2.796400000000067,0.028214449706076766,STOP_LOSS,538.0,9911.233531511281
208,2026-07-27 19:40:00+00:00,2026-07-28 01:40:00+00:00,BTCUSD.x,BUY,64933.74999999999,64433.729999999996,0.01,64433.74999999999,65933.75,65.13,65.1,-5.0001999999999684,-0.05047528997822571,STOP_LOSS,360.0,9906.233331511281
209,2026-07-28 01:50:00+00:00,2026-07-28 04:08:00+00:00,BTCUSD.x,SELL,64054.280000000006,63054.280000000006,0.01,63629.77,63054.280000000006,65.1,65.1,10.0,0.10084474281401316,TAKE_PROFIT,138.0,9916.233331511281
210,2026-07-28 04:13:00+00:00,2026-07-28 16:47:00+00:00,BTCUSD.x,BUY,63182.58,62682.560000000005,0.01,62682.58,64182.58,65.16,65.1,-5.0001999999999684,-0.050449827318687336,STOP_LOSS,754.0,9911.23313151128
211,2026-07-28 16:59:00+00:00,2026-07-28 17:53:00+00:00,BTCUSD.x,SELL,63029.19,63529.21,0.01,63529.19,62029.19,65.16,65.12,-5.0001999999999684,-0.05047529201634819,STOP_LOSS,54.0,9906.23293151128
212,2026-07-28 18:01:00+00:00,2026-07-28 20:37:00+00:00,BTCUSD.x,BUY,63442.7,63507.86,0.01,63507.88,64442.7,65.18,65.1,0.6516000000000349,0.00657724431860956,STOP_LOSS,156.0,9906.88453151128
213,2026-07-28 21:05:00+00:00,2026-07-29 17:26:00+00:00,BTCUSD.x,BUY,63799.9,64076.530000000006,0.01,64076.55,64799.9,65.16,65.15,2.766300000000047,0.0279152116157676,STOP_LOSS,1221.0,9909.650831511279
214,2026-07-29 18:02:00+00:00,2026-07-29 19:43:00+00:00,BTCUSD.x,BUY,64145.85,63645.83,0.01,63645.85,65145.85,65.15,65.1,-5.0001999999999684,-0.05048335560763767,STOP_LOSS,101.0,9904.650631511278
215,2026-07-29 19:44:00+00:00,2026-07-29 21:25:00+00:00,BTCUSD.x,BUY,63684.439999999995,64017.880000000005,0.01,64017.9,64684.439999999995,65.1,65.17,3.334400000000096,0.0336536640840231,STOP_LOSS,101.0,9907.985031511278
216,2026-07-29 21:25:00+00:00,2026-07-29 21:52:00+00:00,BTCUSD.x,SELL,64050.96000000001,64550.98,0.01,64550.96000000001,63050.96000000001,65.17,65.1,-5.0001999999999684,-0.050491847509342255,STOP_LOSS,27.0,9902.984831511278
217,2026-07-29 21:57:00+00:00,2026-07-29 22:26:00+00:00,BTCUSD.x,BUY,64480.7,63980.68,0.01,63980.7,65480.7,65.1,65.15,-5.0001999999999684,-0.05051735465502042,STOP_LOSS,29.0,9897.984631511277
218,2026-07-29 22:26:00+00:00,2026-07-30 00:58:00+00:00,BTCUSD.x,SELL,64004.65,63847.32,0.01,63847.3,63004.65,65.15,65.15,1.5733000000000175,0.015892628851557573,STOP_LOSS,152.0,9899.557931511277
219,2026-07-30 01:05:00+00:00,2026-07-30 04:55:00+00:00,BTCUSD.x,SELL,63852.18,64352.2,0.01,64352.18,62852.18,65.1,65.2,-5.0001999999999684,-0.05053485093200065,STOP_LOSS,230.0,9894.557731511277
220,2026-07-30 04:59:00+00:00,2026-07-31 04:09:00+00:00,BTCUSD.x,BUY,64271.57,65271.57,0.01,64524.4,65271.57,65.19,65.1,10.0,0.10096361968980276,TAKE_PROFIT,1390.0,9904.557731511277
221,2026-07-31 04:16:00+00:00,2026-07-31 10:06:00+00:00,BTCUSD.x,SELL,65091.68,64091.68,0.01,64627.5,64091.68,65.1,65.1,10.0,0.10086178597979378,TAKE_PROFIT,350.0,9914.557731511277
222,2026-07-31 10:15:00+00:00,2026-07-31 17:05:00+00:00,BTCUSD.x,SELL,64005.98,63005.98,0.01,63545.6,63005.98,65.1,65.1,10.0,0.10076015748539795,TAKE_PROFIT,410.0,9924.557731511277
223,2026-07-31 17:05:00+00:00,2026-07-31 17:12:00+00:00,BTCUSD.x,SELL,62961.65,62896.57,0.01,62896.55,61961.65,65.1,65.1,0.6508000000000175,0.0065570410730798265,STOP_LOSS,7.0,9925.208531511276
224,2026-07-31 17:20:00+00:00,2026-07-31 20:33:00+00:00,BTCUSD.x,SELL,62553.600000000006,63053.62,0.01,63053.600000000006,61553.600000000006,65.1,65.1,-5.0001999999999684,-0.05040418338914282,STOP_LOSS,193.0,9920.208331511276
225,2026-07-31 20:33:00+00:00,2026-08-01 20:36:00+00:00,BTCUSD.x,SELL,62955.58,62770.17,0.01,63455.58,61955.58,65.1,65.1,1.854100000000035,0.018686639121637014,TIME_BARRIER,1443.0,9922.062431511276
226,2026-08-01 20:49:00+00:00,2026-08-01 23:21:00+00:00,BTCUSD.x,SELL,62707.51,62642.38,0.01,62642.36,61707.51,65.15,65.15,0.6513000000000466,0.006563728609157916,STOP_LOSS,152.0,9922.713731511276
227,2026-08-01 23:21:00+00:00,2026-08-02 14:53:00+00:00,BTCUSD.x,BUY,62597.77,62985.37,0.01,62985.39,63597.77,65.15,65.1,3.8760000000000585,0.03904664245058868,STOP_LOSS,932.0,9926.589731511276
228,2026-08-02 14:53:00+00:00,2026-08-02 21:41:00+00:00,BTCUSD.x,SELL,63068.07,63568.09,0.01,63568.07,62068.07,65.1,65.1,-5.0001999999999684,-0.050397166543921,STOP_LOSS,408.0,9921.589531511276
229,2026-08-02 22:01:00+00:00,2026-08-03 11:30:00+00:00,BTCUSD.x,SELL,63313.100000000006,62313.100000000006,0.01,62859.36,62313.100000000006,65.14,65.1,10.0,0.10068881691366392,TAKE_PROFIT,809.0,9931.589531511276
230,2026-08-03 11:32:00+00:00,2026-08-03 12:55:00+00:00,BTCUSD.x,SELL,62299.48,62799.5,0.01,62799.48,61299.48,65.1,65.1,-5.0001999999999684,-0.05037178262353593,STOP_LOSS,83.0,9926.589331511275
231,2026-08-03 13:03:00+00:00,2026-08-03 16:52:00+00:00,BTCUSD.x,SELL,62729.380000000005,63229.4,0.01,63229.380000000005,61729.380000000005,65.16,65.1,-5.0001999999999684,-0.05039716857573932,STOP_LOSS,229.0,9921.589131511275
232,2026-08-03 16:53:00+00:00,2026-08-03 17:27:00+00:00,BTCUSD.x,SELL,63068.51,63568.53,0.01,63568.51,62068.51,65.11,65.1,-5.0001999999999684,-0.0504225801284469,STOP_LOSS,34.0,9916.588931511274
233,2026-08-03 17:35:00+00:00,2026-08-04 07:47:00+00:00,BTCUSD.x,SELL,63688.270000000004,64188.29,0.01,64188.270000000004,62688.270000000004,65.1,65.1,-5.0001999999999684,-0.05044801732040349,STOP_LOSS,852.0,9911.588731511274
234,2026-08-04 07:50:00+00:00,2026-08-04 15:38:00+00:00,BTCUSD.x,SELL,64103.18,63996.03,0.01,63996.01,63103.18,65.1,65.1,1.0715000000000146,0.010809409129083552,STOP_LOSS,468.0,9912.660231511274
235,2026-08-04 15:53:00+00:00,2026-08-04 22:43:00+00:00,BTCUSD.x,SELL,63905.54,64405.56,0.01,64405.54,62905.54,65.17,65.19,-5.0001999999999684,-0.0504680215519795,STOP_LOSS,410.0,9907.660031511274
236,2026-08-04 22:51:00+00:00,2026-08-05 19:23:00+00:00,BTCUSD.x,SELL,64255.590000000004,64755.61,0.01,64755.590000000004,63255.590000000004,65.1,65.1,-5.0001999999999684,-0.050493504624775885,STOP_LOSS,1232.0,9902.659831511273
237,2026-08-05 20:04:00+00:00,2026-08-06 20:05:00+00:00,BTCUSD.x,SELL,64603.33,64825.909999999996,0.01,65103.33,63603.33,65.1,65.1,-2.225799999999945,-0.022481842643621786,TIME_BARRIER,1441.0,9900.434031511273
238,2026-08-06 20:05:00+00:00,2026-08-07 12:03:00+00:00,BTCUSD.x,SELL,64749.86,64684.78,0.01,64684.76,63749.86,65.1,65.14,0.6508000000000175,0.00657301710948659,STOP_LOSS,958.0,9901.084831511273
239,2026-08-07 12:04:00+00:00,2026-08-07 14:22:00+00:00,BTCUSD.x,SELL,64629.48,65129.5,0.01,65129.48,63629.48,65.1,65.1,-5.0001999999999684,-0.05052705374081232,STOP_LOSS,138.0,9896.084631511272
240,2026-08-07 14:27:00+00:00,2026-08-07 20:22:00+00:00,BTCUSD.x,BUY,65092.119999999995,64592.1,0.01,64592.119999999995,66092.12,65.1,65.1,-5.0001999999999684,-0.05055259647840234,STOP_LOSS,355.0,9891.084431511272
241,2026-08-07 20:22:00+00:00,2026-08-08 21:01:00+00:00,BTCUSD.x,BUY,64658.34,65061.5,0.01,64158.34,65658.34,65.1,65.17,4.031600000000035,0.04074333223745222,TIME_BARRIER,1479.0,9895.116031511272
242,2026-08-08 21:04:00+00:00,2026-08-09 21:18:00+00:00,BTCUSD.x,SELL,65057.68,65206.81,0.01,65557.68,64057.68,65.12,65.11,-1.4912999999999739,-0.015073343091841473,TIME_BARRIER,1454.0,9893.624731511272
243,2026-08-09 21:18:00+00:00,2026-08-10 16:34:00+00:00,BTCUSD.x,BUY,65197.53,64697.51,0.01,64697.53,66197.53,65.11,65.1,-5.0001999999999684,-0.050565171971756424,STOP_LOSS,1156.0,9888.624531511272
244,2026-08-10 16:40:00+00:00,2026-08-11 14:01:00+00:00,BTCUSD.x,SELL,64613.21000000001,64355.52,0.01,64355.5,63613.21000000001,65.1,65.1,2.576900000000096,0.02605244689275702,STOP_LOSS,1281.0,9891.201431511272
245,2026-08-11 14:06:00+00:00,2026-08-11 17:25:00+00:00,BTCUSD.x,BUY,64370.119999999995,63870.1,0.01,63870.119999999995,65370.119999999995,65.1,65.1,-5.0001999999999684,-0.05057756647783311,STOP_LOSS,199.0,9886.201231511272
246,2026-08-11 17:27:00+00:00,2026-08-12 00:15:00+00:00,BTCUSD.x,SELL,63972.19,63779.03999999999,0.01,63779.02,62972.19,65.1,65.1,1.9315000000000873,0.01953351610911156,STOP_LOSS,408.0,9888.132731511272
247,2026-08-12 00:20:00+00:00,2026-08-12 13:00:00+00:00,BTCUSD.x,SELL,63631.08,64131.1,0.01,64131.08,62631.08,65.1,65.1,-5.0001999999999684,-0.05059327074748199,STOP_LOSS,760.0,9883.132531511272
248,2026-08-12 13:07:00+00:00,2026-08-13 08:06:00+00:00,BTCUSD.x,SELL,64075.98,63849.56,0.01,63849.54,63075.98,65.13,65.1,2.2642000000000553,0.022904492975811062,STOP_LOSS,1139.0,9885.396731511271
249,2026-08-13 08:06:00+00:00,2026-08-13 19:37:00+00:00,BTCUSD.x,BUY,63748.329999999994,63248.31,0.01,63248.329999999994,64748.329999999994,65.1,65.1,-5.0001999999999684,-0.05060728062940562,STOP_LOSS,691.0,9880.396531511271
250,2026-08-13 19:48:00+00:00,2026-08-14 01:01:00+00:00,BTCUSD.x,SELL,63023.700000000004,63523.72,0.01,63523.700000000004,62023.700000000004,65.1,65.1,-5.0001999999999684,-0.05063290456550991,STOP_LOSS,313.0,9875.39633151127
251,2026-08-14 01:06:00+00:00,2026-08-14 18:46:00+00:00,BTCUSD.x,SELL,63469.48,63064.82,0.01,63064.8,62469.48,65.1,65.1,4.046600000000035,0.04095979933335191,STOP_LOSS,1060.0,9879.44293151127
252,2026-08-14 18:46:00+00:00,2026-08-15 18:53:00+00:00,BTCUSD.x,SELL,62947.68,63100.6,0.01,63447.68,61947.68,65.1,65.14,-1.5291999999999826,-0.015481001773904164,TIME_BARRIER,1447.0,9877.91373151127
253,2026-08-15 19:03:00+00:00,2026-08-16 20:39:00+00:00,BTCUSD.x,SELL,63030.030000000006,63194.61,0.01,63530.030000000006,62030.030000000006,65.15,65.11,-1.6457999999999446,-0.016664189463196387,TIME_BARRIER,1536.0,9876.26793151127
254,2026-08-16 20:40:00+00:00,2026-08-17 09:46:00+00:00,BTCUSD.x,SELL,63129.48,63629.5,0.01,63629.48,62129.48,65.1,65.1,-5.0001999999999684,-0.050654081481735364,STOP_LOSS,786.0,9871.267731511269
255,2026-08-17 09:52:00+00:00,2026-08-17 18:43:00+00:00,BTCUSD.x,SELL,63616.48,64116.5,0.01,64116.48,62616.48,65.1,65.1,-5.0001999999999684,-0.05067975284503624,STOP_LOSS,531.0,9866.267531511268
256,2026-08-17 18:43:00+00:00,2026-08-17 21:23:00+00:00,BTCUSD.x,SELL,64032.58,64532.6,0.01,64532.58,63032.58,65.1,65.1,-5.0001999999999684,-0.0507054502418978,STOP_LOSS,160.0,9861.267331511268
257,2026-08-17 21:28:00+00:00,2026-08-18 09:38:00+00:00,BTCUSD.x,SELL,64497.08,64432.0,0.01,64431.98,63497.08,65.1,65.1,0.6508000000000175,0.006599121908349152,STOP_LOSS,730.0,9861.918131511267
258,2026-08-18 09:47:00+00:00,2026-08-18 16:22:00+00:00,BTCUSD.x,BUY,64382.619999999995,64015.36,0.01,63882.619999999995,65382.619999999995,65.1,65.1,-3.6725999999999477,-0.03725409342119458,CIRCUIT_BREAKER,395.0,9858.245531511267
